"","type","PeptideID","ProteinID","is.uniprot.atp"
"1","lip_ms_dd","P00579_MEQNPQSQLK","P00579","no"
"2","lip_ms_dd","P00864_AHAALLSQPPGSLK","P00864","no"
"3","lip_ms_dd","P00887_IESLVTPAELALR","P00887","no"
"4","lip_ms_dd","P00894_GQIIDVTPSLYTVQLAGTSGK","P00894","no"
"5","lip_ms_dd","P00934_ADLPLLSH","P00934","no"
"6","lip_ms_dd","P02358_ERRDDFANETADDAEAGDSEEEE","P02358","no"
"7","lip_ms_dd","P02359_FVNILMVDGK","P02359","no"
"8","lip_ms_dd","P02413_AAIEAAGGK","P02413","no"
"9","lip_ms_dd","P05793_GYSHGFNIVEVGEQIRK","P05793","no"
"10","lip_ms_dd","P06610_LEQEPGSDEEIK","P06610","no"
"11","lip_ms_dd","P06959_EAAPAAAPAAAAAK","P06959","no"
"12","lip_ms_dd","P08390_GIPIDEEDFFGR","P08390","no"
"13","lip_ms_dd","P0A6A6_VVYEAENETPLLYIDR","P0A6A6","no"
"14","lip_ms_dd","P0A6P1_FTGEVSLTGQPFVMEPSK","P0A6P1","no"
"15","lip_ms_dd","P0A705_QVPVVVAVNK","P0A705","no"
"16","lip_ms_dd","P0A715_AGLFIEAHPDPEHAK","P0A715","no"
"17","lip_ms_dd","P0A7A9_AQIAHFFEHYK","P0A7A9","no"
"18","lip_ms_dd","P0A7J3_DAFVGPTLIAYSMEHPGAAAR","P0A7J3","no"
"19","lip_ms_dd","P0A7J7_AADMTGADIEAMTR","P0A7J7","no"
"20","lip_ms_dd","P0A7K2_AAGPVEAAEEK","P0A7K2","no"
"21","lip_ms_dd","P0A7K6_DVPSFRPGDTVEVK","P0A7K6","no"
"22","lip_ms_dd","P0A7L3_AGQYAYR","P0A7L3","no"
"23","lip_ms_dd","P0A7L8_DHTLFAK","P0A7L8","no"
"24","lip_ms_dd","P0A7M2_FLPNLHSH","P0A7M2","no"
"25","lip_ms_dd","P0A7M6_SVEELNTELLNL","P0A7M6","no"
"26","lip_ms_dd","P0A7M9_STVGHDLNLDVC","P0A7M9","no"
"27","lip_ms_dd","P0A7N9_GTGHFYTTTK","P0A7N9","no"
"28","lip_ms_dd","P0A7P5_RTFQPSVLK","P0A7P5","no"
"29","lip_ms_dd","P0A7R1_GSLGDQVNVK","P0A7R1","no"
"30","lip_ms_dd","P0A7R5_ERFTVLISPHVNK","P0A7R5","no"
"31","lip_ms_dd","P0A7R9_ASFNNTIVTITDR","P0A7R9","no"
"32","lip_ms_dd","P0A7S9_FVVEGDLRR","P0A7S9","no"
"33","lip_ms_dd","P0A7T3_GFFNPIASEK","P0A7T3","no"
"34","lip_ms_dd","P0A7T7_AEGVQEIDYK","P0A7T7","no"
"35","lip_ms_dd","P0A7U3_GPFIDLH","P0A7U3","no"
"36","lip_ms_dd","P0A7U7_AFNEMQPIVDR","P0A7U7","no"
"37","lip_ms_dd","P0A7V0_AGVHFGHQTR","P0A7V0","no"
"38","lip_ms_dd","P0A7V3_ADIDYNTSEAHTTY","P0A7V3","no"
"39","lip_ms_dd","P0A7V8_CKIEQAPGQHGAR","P0A7V8","no"
"40","lip_ms_dd","P0A7W1_AREVPAAIQK","P0A7W1","no"
"41","lip_ms_dd","P0A7W7_AGLGIAVVSTSK","P0A7W7","no"
"42","lip_ms_dd","P0A7X3_IVINQR","P0A7X3","no"
"43","lip_ms_dd","P0A800_TTVIALR","P0A800","no"
"44","lip_ms_dd","P0A832_THVVCDPTR","P0A832","no"
"45","lip_ms_dd","P0A850_ANDIDVPAALIDSEIDVLR","P0A850","no"
"46","lip_ms_dd","P0A8D6_IHVVQGDITK","P0A8D6","no"
"47","lip_ms_dd","P0A8F0_ELASEVGSLLTYEATADLETEK","P0A8F0","no"
"48","lip_ms_dd","P0A8H6_SAEEQSWVDAK","P0A8H6","no"
"49","lip_ms_dd","P0A968_GNHASVIVPVEVEAA","P0A968","no"
"50","lip_ms_dd","P0A9A6_AGMGGGTGTGAAPVVAEVAK","P0A9A6","no"
"51","lip_ms_dd","P0A9G6_ADVTGVPTLLVAR","P0A9G6","no"
"52","lip_ms_dd","P0A9P4_ATCDGFFYR","P0A9P4","no"
"53","lip_ms_dd","P0A9Q1_ILIVEDELVTR","P0A9Q1","no"
"54","lip_ms_dd","P0A9T0_ENRPGVLTALNK","P0A9T0","no"
"55","lip_ms_dd","P0A9X4_GMVLTGGGALLR","P0A9X4","yes"
"56","lip_ms_dd","P0A9Y6_GPAAVNVTAI","P0A9Y6","no"
"57","lip_ms_dd","P0AA10_AEYTPHVDTGDY","P0AA10","no"
"58","lip_ms_dd","P0AAB6_IQLTDAIAELAK","P0AAB6","no"
"59","lip_ms_dd","P0AAT9_ESLWQELADITDK","P0AAT9","no"
"60","lip_ms_dd","P0AB14_DSLFWGEQTIER","P0AB14","no"
"61","lip_ms_dd","P0AB24_ALFGDNTTK","P0AB24","no"
"62","lip_ms_dd","P0ABK5_GKTDLISVAVEPTDSPVIAQALAGEEIKPGPHK","P0ABK5","no"
"63","lip_ms_dd","P0ABS1_ADLCIDCK","P0ABS1","no"
"64","lip_ms_dd","P0AC81_LSVDNAAEACEK","P0AC81","no"
"65","lip_ms_dd","P0ACY1_AEPAPTGEQLQNILR","P0ACY1","no"
"66","lip_ms_dd","P0ADG7_FVTDLNQPVSVYMTPK","P0ADG7","yes"
"67","lip_ms_dd","P0ADN2_SGGKPQVEGAEDYTDSDD","P0ADN2","no"
"68","lip_ms_dd","P0ADX7_NNPNQPGYQIPSQQR","P0ADX7","no"
"69","lip_ms_dd","P0ADY3_FDGNACVLLNNNSEQPIGTR","P0ADY3","no"
"70","lip_ms_dd","P0ADY7_GVPEELAR","P0ADY7","no"
"71","lip_ms_dd","P0ADZ0_EGQNLDFVGGAE","P0ADZ0","no"
"72","lip_ms_dd","P0AE08_EGEATLAPSLDLVGKI","P0AE08","no"
"73","lip_ms_dd","P0AE52_AGVDVLGISTDKPEK","P0AE52","no"
"74","lip_ms_dd","P0AEK2_AEFGEVDILVNNAGITR","P0AEK2","no"
"75","lip_ms_dd","P0AEP3_AFVEYGIR","P0AEP3","no"
"76","lip_ms_dd","P0AF24_AYVVGEGALIHELYK","P0AF24","no"
"77","lip_ms_dd","P0AF96_EDMTEPYEAR","P0AF96","no"
"78","lip_ms_dd","P0AFF6_ELLEIEGLDEPTVEALRER","P0AFF6","no"
"79","lip_ms_dd","P0AG51_ATLLGLGLR","P0AG51","no"
"80","lip_ms_dd","P0AG55_AECPTQTEIVLK","P0AG55","no"
"81","lip_ms_dd","P0AG59_AIISDVNASDEDR","P0AG59","no"
"82","lip_ms_dd","P0AG63_LHVHDENNECGIGDVVEIR","P0AG63","no"
"83","lip_ms_dd","P0AG67_ADGVEGYLR","P0AG67","no"
"84","lip_ms_dd","P0AGG4_APFDSWLNESL","P0AGG4","no"
"85","lip_ms_dd","P0C018_DAAAAVGK","P0C018","no"
"86","lip_ms_dd","P13035_IGLFMYDHLGK","P13035","no"
"87","lip_ms_dd","P15288_KPVVLQAHLDMVPQK","P15288","no"
"88","lip_ms_dd","P21170_AVTAHHTVLVSNIIGVER","P21170","no"
"89","lip_ms_dd","P22634_FDFPVVGVVPAIKPA","P22634","no"
"90","lip_ms_dd","P23721_TDFMVEFER","P23721","no"
"91","lip_ms_dd","P23836_NSGLASQVISLPPFQVDLSR","P23836","no"
"92","lip_ms_dd","P23869_VTFHTNHGDIVIK","P23869","no"
"93","lip_ms_dd","P23893_AGSGALTLGQPNSPGVPADFAK","P23893","no"
"94","lip_ms_dd","P23908_ELITQVIHHFCWH","P23908","no"
"95","lip_ms_dd","P25738_LEPPLDTEEGR","P25738","no"
"96","lip_ms_dd","P27829_LIAVPTPFK","P27829","no"
"97","lip_ms_dd","P30850_GETATRPQDEITVQMAER","P30850","no"
"98","lip_ms_dd","P31808_IILVTGASDGIGR","P31808","no"
"99","lip_ms_dd","P32662_KPHPDPLLLVAER","P32662","no"
"100","lip_ms_dd","P37349_EVAPPTLRPVPPVSGK","P37349","no"
"101","lip_ms_dd","P37903_IDDAEVHFL","P37903","yes"
"102","lip_ms_dd","P60390_LSIISFHSLEDR","P60390","no"
"103","lip_ms_dd","P60422_AGDQIQSGVDAA","P60422","no"
"104","lip_ms_dd","P60438_AIQVTTGAK","P60438","no"
"105","lip_ms_dd","P60624_DDEVIVLTGK","P60624","no"
"106","lip_ms_dd","P60723_DAQSALTVSETTFGRDFNEALVH","P60723","no"
"107","lip_ms_dd","P61175_AAVLVKK","P61175","no"
"108","lip_ms_dd","P62399_ALLAAFDFPFRK","P62399","no"
"109","lip_ms_dd","P63020_VINPGTPNAECGVSYCPPDAVEATDTALK","P63020","no"
"110","lip_ms_dd","P68679_ENEPFDVALRR","P68679","no"
"111","lip_ms_dd","P68919_AEFYSEVLTIVVDGK","P68919","no"
"112","lip_ms_dd","P69910_QVTDLR","P69910","no"
"113","lip_ms_dd","P75694_IGDISTSNEMSTADAK","P75694","no"
"114","lip_ms_dd","P00350_VTYIGADGAGHYVK","P00350","no"
"115","lip_ms_dd","P00452_FADQEEFER","P00452","yes"
"116","lip_ms_dd","P00561_NTGNPQAPGTLIGASRDEDELPVK","P00561","yes"
"117","lip_ms_dd","P00954_LKGEVADAVSGMLTELQER","P00954","yes"
"118","lip_ms_dd","P00961_GCGITVDQAER","P00961","yes"
"119","lip_ms_dd","P00968_ATGVPLAK","P00968","yes"
"120","lip_ms_dd","P08178_VSDGDVLIALGSSGPHSNGYSLVR","P08178","yes"
"121","lip_ms_dd","P09980_SIDEDNIDEER","P09980","yes"
"122","lip_ms_dd","P0A6A3_EGTRPAVVIPTNEELVIAQDASR","P0A6A3","yes"
"123","lip_ms_dd","P0A6A8_FDTEIPDEEAEK","P0A6A8","no"
"124","lip_ms_dd","P0A6B7_QGVDLNSIEWAHH","P0A6B7","no"
"125","lip_ms_dd","P0A6E1_ETAALEAVTAPSTVIATGGGIILTEFNR","P0A6E1","yes"
"126","lip_ms_dd","P0A6E4_AASGVPQVENLENK","P0A6E4","yes"
"127","lip_ms_dd","P0A6H1_AQVEPEDLIK","P0A6H1","yes"
"128","lip_ms_dd","P0A6H5_SGAFQIAKPSDLIPELQGR","P0A6H5","yes"
"129","lip_ms_dd","P0A6I0_GFSVNFER","P0A6I0","yes"
"130","lip_ms_dd","P0A6J1_GVVLWFTGLSGSGK","P0A6J1","yes"
"131","lip_ms_dd","P0A6T5_ATVAYIPKDSVIGLSK","P0A6T5","no"
"132","lip_ms_dd","P0A6Y8_DVNPDEAVAIGAAVQGGVLTGDVK","P0A6Y8","yes"
"133","lip_ms_dd","P0A6Z1_SGQAETLADHEGR","P0A6Z1","yes"
"134","lip_ms_dd","P0A6Z3_SFLESLGSDQAK","P0A6Z3","yes"
"135","lip_ms_dd","P0A717_HIIGDVAGR","P0A717","yes"
"136","lip_ms_dd","P0A720_YLELAAQDK","P0A720","yes"
"137","lip_ms_dd","P0A763_VLEGENAVQR","P0A763","yes"
"138","lip_ms_dd","P0A799_GGGAFLEFVEGK","P0A799","yes"
"139","lip_ms_dd","P0A7D7_GDEFSPDGSR","P0A7D7","yes"
"140","lip_ms_dd","P0A7F3_RGTVIDHIPAQIGFK","P0A7F3","no"
"141","lip_ms_dd","P0A7G6_IVEIYGPESSGK","P0A7G6","yes"
"142","lip_ms_dd","P0A812_AGSLTSPLR","P0A812","yes"
"143","lip_ms_dd","P0A8D0_DVREPFNEEK","P0A8D0","yes"
"144","lip_ms_dd","P0A8M3_ETFANRGESY","P0A8M3","yes"
"145","lip_ms_dd","P0A9C5_FGSSISGSHVAIDDIEGAWNSSTQ","P0A9C5","yes"
"146","lip_ms_dd","P0A9M8_NTNITGVIVNK","P0A9M8","no"
"147","lip_ms_dd","P0A9W3_YLPQEPQLNPEHTVR","P0A9W3","yes"
"148","lip_ms_dd","P0ABH9_IDITEPSIEETVQIINGLKPK","P0ABH9","yes"
"149","lip_ms_dd","P0ABU2_TLPTTMEFVDIAGLVK","P0ABU2","yes"
"150","lip_ms_dd","P0ACB0_IEQLFQQPHDGVTGVNTGYDDLNK","P0ACB0","yes"
"151","lip_ms_dd","P0ACY3_SEYGQNIFDR","P0ACY3","no"
"152","lip_ms_dd","P0AEZ3_RTENLYILPASQTR","P0AEZ3","yes"
"153","lip_ms_dd","P0AF08_ANFQHPTLK","P0AF08","yes"
"154","lip_ms_dd","P0AG20_ECTNIYAPLANR","P0AG20","yes"
"155","lip_ms_dd","P0AG30_NTVVPASGK","P0AG30","yes"
"156","lip_ms_dd","P10408_LDTVVVPTNRPMIR","P10408","yes"
"157","lip_ms_dd","P18133_LSDSPGK","P18133","no"
"158","lip_ms_dd","P20083_AIEVLTGLEPVR","P20083","yes"
"159","lip_ms_dd","P21507_SENQDIVVATTGR","P21507","yes"
"160","lip_ms_dd","P21888_SRQDLDQLQAGAR","P21888","yes"
"161","lip_ms_dd","P22106_SEAWWPQLHSF","P22106","yes"
"162","lip_ms_dd","P23367_PIQVLPPQLANQIAAGEVVERPASVVK","P23367","yes"
"163","lip_ms_dd","P23909_AYTLNYTCPTFIDKPGIR","P23909","yes"
"164","lip_ms_dd","P24186_VEYHDPQDE","P24186","no"
"165","lip_ms_dd","P25519_RGPGETQLETDRR","P25519","yes"
"166","lip_ms_dd","P27550_HTIPANIADR","P27550","yes"
"167","lip_ms_dd","P31060_SSLQILQGTFR","P31060","yes"
"168","lip_ms_dd","P33221_FLGLPVGGIR","P33221","yes"
"169","lip_ms_dd","P60240_TIEAGMILHQQLLSGAAER","P60240","yes"
"170","lip_ms_dd","P60560_FMLFYGMSSESAMK","P60560","no"
"171","lip_ms_dd","P61949_AIDEDRQPELTAERVEK","P61949","no"
"172","lip_ms_dd","P63284_RAIQQQIENPLAQQILSGELVPGK","P63284","yes"
"173","lip_ms_dd","P69924_DEALHLTGTQHMLNLLR","P69924","no"
"174","lip_ms_dd","P76658_LIAGILPDLLVK","P76658","yes"
"175","lip_ms_dd","P77522_VVEVIIHK","P77522","no"
"176","HT-PELSA_dd_stabilized","AADALRLPDWDAKIANLSGGER","P0A9W3","yes"
"177","HT-PELSA_dd_stabilized","AAEALKER","P0A717","yes"
"178","HT-PELSA_dd_stabilized","AAEEMDER","P15038","yes"
"179","HT-PELSA_dd_stabilized","AAGIAIVTGDTK","P24193","no"
"180","HT-PELSA_dd_stabilized","AAGYDKPFK","P67910","no"
"181","HT-PELSA_dd_stabilized","AAGYTNIEFHK","P0A9T0","no"
"182","HT-PELSA_dd_stabilized","AALIAYCR","Q46927","yes"
"183","HT-PELSA_dd_stabilized","AANILIANNPHVFEK","P09980","yes"
"184","HT-PELSA_dd_stabilized","AAPWLVKPNRR","P0AEW9","yes"
"185","HT-PELSA_dd_stabilized","AAQEIVNSGK","P06999","yes"
"186","HT-PELSA_dd_stabilized","AAQVLHEK","P0A9J6","yes"
"187","HT-PELSA_dd_stabilized","AAVKSGSELGK","P69441","yes"
"188","HT-PELSA_dd_stabilized","ACAEDDPQLSGR","P04335","no"
"189","HT-PELSA_dd_stabilized","ACYQLVK","P11071","yes"
"190","HT-PELSA_dd_stabilized","ADKLASGAR","P0A6P7","no"
"191","HT-PELSA_dd_stabilized","ADKRPVNSDLR","P0ACB0","yes"
"192","HT-PELSA_dd_stabilized","ADRVDEAR","P14081","no"
"193","HT-PELSA_dd_stabilized","AEAELQKLK","P0A9M0","yes"
"194","HT-PELSA_dd_stabilized","AEAVDYQK","P0A7D4","no"
"195","HT-PELSA_dd_stabilized","AEAVTCAVMQAK","P22188","yes"
"196","HT-PELSA_dd_stabilized","AESGGTITR","P07118","yes"
"197","HT-PELSA_dd_stabilized","AETAEKYGDEQVK","P62707","yes"
"198","HT-PELSA_dd_stabilized","AEVYGRPK","P0AG20","yes"
"199","HT-PELSA_dd_stabilized","AFAENWLGKR","P0A836","yes"
"200","HT-PELSA_dd_stabilized","AFLGLPVGGIR","P33221","yes"
"201","HT-PELSA_dd_stabilized","AGAAQTIVASQQR","P32125","no"
"202","HT-PELSA_dd_stabilized","AGATADLGVSVRPR","P05852","no"
"203","HT-PELSA_dd_stabilized","AGETYNIGGHNEK","P37759","no"
"204","HT-PELSA_dd_stabilized","AGEWTASIGPDWYGTDVHHK","P37666","no"
"205","HT-PELSA_dd_stabilized","AGIEHGLLYNQEQR","P60906","yes"
"206","HT-PELSA_dd_stabilized","AGIKHNVLNAK","P10408","yes"
"207","HT-PELSA_dd_stabilized","AGIPDCDQTR","P32143","yes"
"208","HT-PELSA_dd_stabilized","AGLGHEHKPVGSFLFAGPTGVGK","P0ABH9","yes"
"209","HT-PELSA_dd_stabilized","AGSLTSPLR","P0A812","yes"
"210","HT-PELSA_dd_stabilized","AGYEAWLVGGGVR","P0ABF1","yes"
"211","HT-PELSA_dd_stabilized","AHELWLNKPHILQHYR","P03018","yes"
"212","HT-PELSA_dd_stabilized","AHNPYGDGQACSR","P27828","no"
"213","HT-PELSA_dd_stabilized","AHQHGIAAVALHNSHHIGR","P30178","no"
"214","HT-PELSA_dd_stabilized","AIAELVNGDAR","P0AAZ4","yes"
"215","HT-PELSA_dd_stabilized","AIAESIGIHVEK","P0A8N3","yes"
"216","HT-PELSA_dd_stabilized","AIAFELEKR","P11868","yes"
"217","HT-PELSA_dd_stabilized","AIAGEAK","P0AAI3","yes"
"218","HT-PELSA_dd_stabilized","AIEAAEKGDMTELHR","P77649","yes"
"219","HT-PELSA_dd_stabilized","AIHEASPR","P37013","yes"
"220","HT-PELSA_dd_stabilized","AIHYNSR","Q06065","yes"
"221","HT-PELSA_dd_stabilized","AIIDTPPVLVR","P23909","yes"
"222","HT-PELSA_dd_stabilized","AILYGDKITPSMAK","P0A8F8","yes"
"223","HT-PELSA_dd_stabilized","AIPNYNVMGLAK","P0AEK4","no"
"224","HT-PELSA_dd_stabilized","AKAPFIALNMAAIPK","P0AFB8","yes"
"225","HT-PELSA_dd_stabilized","AKDAAGHELVYTGMSK","P07813","yes"
"226","HT-PELSA_dd_stabilized","AKDGLALSSR","P31663","yes"
"227","HT-PELSA_dd_stabilized","AKKQDLTSEEITNHIEAGK","P36767","no"
"228","HT-PELSA_dd_stabilized","ALAESIGITVEK","P0A8N5","yes"
"229","HT-PELSA_dd_stabilized","ALDALLDYQDYPIPAAKR","P00452","yes"
"230","HT-PELSA_dd_stabilized","ALDGDMNGR","P0A9C9","no"
"231","HT-PELSA_dd_stabilized","ALDLSAEEKAAIR","P0ABU2","yes"
"232","HT-PELSA_dd_stabilized","ALDVEQIR","P06710","yes"
"233","HT-PELSA_dd_stabilized","ALESFQGTGR","P17952","yes"
"234","HT-PELSA_dd_stabilized","ALGAKPQINAEEEIRR","P18843","yes"
"235","HT-PELSA_dd_stabilized","ALILTPTR","P25888","yes"
"236","HT-PELSA_dd_stabilized","ALITQDMSR","P0ADT5","yes"
"237","HT-PELSA_dd_stabilized","ALLQGLQEEGR","P0AG40","yes"
"238","HT-PELSA_dd_stabilized","ALLRQPVDVTPVWMMR","P29680","no"
"239","HT-PELSA_dd_stabilized","ALMAEGDKAIEGTDR","P27550","yes"
"240","HT-PELSA_dd_stabilized","ALNHAVSLGMAK","P77756","yes"
"241","HT-PELSA_dd_stabilized","ALRPDEDR","P00963","yes"
"242","HT-PELSA_dd_stabilized","ALSLAIENR","P23883","no"
"243","HT-PELSA_dd_stabilized","AMAWEEHDE","P0A6F3","yes"
"244","HT-PELSA_dd_stabilized","AMDVYCHR","P0A6A3","yes"
"245","HT-PELSA_dd_stabilized","AMTPANYIGR","P0AB89","no"
"246","HT-PELSA_dd_stabilized","AMVIAPCSR","P39342","no"
"247","HT-PELSA_dd_stabilized","ANALLADGLK","P36938","no"
"248","HT-PELSA_dd_stabilized","ANEVNLLLQK","P0A9B6","no"
"249","HT-PELSA_dd_stabilized","ANGYQSLHTSMIGPHGVPVEVQIR","P0AG24","no"
"250","HT-PELSA_dd_stabilized","ANHRPSELSGGER","P75957","yes"
"251","HT-PELSA_dd_stabilized","AQEEDLPADALR","P67087","no"
"252","HT-PELSA_dd_stabilized","AQGIEVLLDDRK","P16659","yes"
"253","HT-PELSA_dd_stabilized","AQYVLAEQVTR","P0AGJ9","yes"
"254","HT-PELSA_dd_stabilized","ARGELDRIEQESFDFFNR","P0A720","yes"
"255","HT-PELSA_dd_stabilized","ARPESQELNILR","P0AE01","no"
"256","HT-PELSA_dd_stabilized","ASDSEQRVVIE","P08178","yes"
"257","HT-PELSA_dd_stabilized","ASTPMYLMSR","P22106","yes"
"258","HT-PELSA_dd_stabilized","ASVGAPPMSVPHIDTR","P33940","no"
"259","HT-PELSA_dd_stabilized","ATHHIAEIIELTEQLIAK","P21888","yes"
"260","HT-PELSA_dd_stabilized","AVAEGASKVDGAEVVVKR","P0A8G6","no"
"261","HT-PELSA_dd_stabilized","AVETLILDEADR","P21507","yes"
"262","HT-PELSA_dd_stabilized","AVIGDKGGVR","P0A6T3","yes"
"263","HT-PELSA_dd_stabilized","AVIKGETATRPQDEITVQMAER","P30850","no"
"264","HT-PELSA_dd_stabilized","AVLEERADDMK","P0A8M0","yes"
"265","HT-PELSA_dd_stabilized","AVNPNIRDDELTAIESNR","P60240","yes"
"266","HT-PELSA_dd_stabilized","AVTAEVEAALGNR","P31120","no"
"267","HT-PELSA_dd_stabilized","AWFKLDEIQQSDK","P0C0R7","no"
"268","HT-PELSA_dd_stabilized","AWSITTNHPYHRE","P0A8I8","no"
"269","HT-PELSA_dd_stabilized","AYEAYDFHEVVQR","P00956","yes"
"270","HT-PELSA_dd_stabilized","AYNTVVPASGK","P0AG30","yes"
"271","HT-PELSA_dd_stabilized","CEENHKVPR","P0ACY1","no"
"272","HT-PELSA_dd_stabilized","CFTLIGESGER","P0AEW6","yes"
"273","HT-PELSA_dd_stabilized","CVEQLANWHKELEEYKK","P06720","no"
"274","HT-PELSA_dd_stabilized","DCIYELPLR","P33919","yes"
"275","HT-PELSA_dd_stabilized","DDLSAEQR","P0A9V1","yes"
"276","HT-PELSA_dd_stabilized","DEINNTEQR","P20083","yes"
"277","HT-PELSA_dd_stabilized","DENDNVEVSR","P0A8L1","yes"
"278","HT-PELSA_dd_stabilized","DENGNVEVR","P0A7E5","yes"
"279","HT-PELSA_dd_stabilized","DGADGVISR","P76014","yes"
"280","HT-PELSA_dd_stabilized","DGIASAILPGR","P08192","yes"
"281","HT-PELSA_dd_stabilized","DGKEDHFHYEGGIK","P0AES6","yes"
"282","HT-PELSA_dd_stabilized","DIAGEPVVADLAK","P46889","yes"
"283","HT-PELSA_dd_stabilized","DIKEDFRPHR","P75821","no"
"284","HT-PELSA_dd_stabilized","DKGLLTAFAEGK","P00582","no"
"285","HT-PELSA_dd_stabilized","DKLQQYAR","P31119","yes"
"286","HT-PELSA_dd_stabilized","DLAAEVNAGR","P14375","yes"
"287","HT-PELSA_dd_stabilized","DLASMGQLVK","P03835","no"
"288","HT-PELSA_dd_stabilized","DLDRIDR","P0ACJ0","no"
"289","HT-PELSA_dd_stabilized","DLPTSGSAAKK","P06612","no"
"290","HT-PELSA_dd_stabilized","DQAMIPEVQR","P24230","yes"
"291","HT-PELSA_dd_stabilized","DQVEDYAR","P13009","no"
"292","HT-PELSA_dd_stabilized","DRILELAK","P37903","yes"
"293","HT-PELSA_dd_stabilized","DRSEVDLK","P62768","no"
"294","HT-PELSA_dd_stabilized","DSHGGKPATGTGIGLAVSR","P0AEC3","yes"
"295","HT-PELSA_dd_stabilized","DSLDDAISMLR","P37908","no"
"296","HT-PELSA_dd_stabilized","DSLQHAPHIIVATPGR","P21693","yes"
"297","HT-PELSA_dd_stabilized","DTGHGIDPK","P0AA93","yes"
"298","HT-PELSA_dd_stabilized","DVFPIIADR","P09029","yes"
"299","HT-PELSA_dd_stabilized","DVLGMAQTGSGK","P0A9P6","yes"
"300","HT-PELSA_dd_stabilized","DVTIKVPVGTR","P42641","no"
"301","HT-PELSA_dd_stabilized","DYGNDPLPR","P10371","no"
"302","HT-PELSA_dd_stabilized","EADEIDEEQPR","P03819","no"
"303","HT-PELSA_dd_stabilized","EAMEPEFK","P0A825","no"
"304","HT-PELSA_dd_stabilized","ECLNLVNK","P21514","no"
"305","HT-PELSA_dd_stabilized","EDKGPQPAVTHYR","P0AA41","no"
"306","HT-PELSA_dd_stabilized","EEVGALVKLPGIGKK","P0A809","yes"
"307","HT-PELSA_dd_stabilized","EGAFTDPDSYFHNYAK","P0A6I3","yes"
"308","HT-PELSA_dd_stabilized","EGDIQTAQK","P0A6L4","no"
"309","HT-PELSA_dd_stabilized","EGGTGLGLSIAR","P0AFB5","yes"
"310","HT-PELSA_dd_stabilized","EHGTTLIMVTHDLQLAAR","P0A9T8","yes"
"311","HT-PELSA_dd_stabilized","EHIFEPFVR","P18392","yes"
"312","HT-PELSA_dd_stabilized","EHLGTGDVK","P0AFG3","no"
"313","HT-PELSA_dd_stabilized","EHVEQILAAQATR","P0A6I9","yes"
"314","HT-PELSA_dd_stabilized","EIDYTRPTCILMGQEK","P0AGJ2","no"
"315","HT-PELSA_dd_stabilized","EITEQYEGK","P23837","yes"
"316","HT-PELSA_dd_stabilized","ELVYTAVTR","P04993","yes"
"317","HT-PELSA_dd_stabilized","EMAQSCR","P04805","yes"
"318","HT-PELSA_dd_stabilized","EPFNEEK","P0A8D0","yes"
"319","HT-PELSA_dd_stabilized","EQCDLLVCGHHHSFINR","P0AAB8","no"
"320","HT-PELSA_dd_stabilized","EQDISTKR","P0A8F0","no"
"321","HT-PELSA_dd_stabilized","EQFPQEQAER","P0ACY3","no"
"322","HT-PELSA_dd_stabilized","ERHIAAPNETVSTMGFEAATR","P0A6R0","no"
"323","HT-PELSA_dd_stabilized","ESDIEPLIVVKK","P0AES0","yes"
"324","HT-PELSA_dd_stabilized","ESDTAACR","P0A9H5","yes"
"325","HT-PELSA_dd_stabilized","ESGIIQGDLIAK","P0AEE5","yes"
"326","HT-PELSA_dd_stabilized","ESVAELAYYR","P0A784","no"
"327","HT-PELSA_dd_stabilized","ETLLNYR","P37344","yes"
"328","HT-PELSA_dd_stabilized","FADEQGVPRPK","P07604","yes"
"329","HT-PELSA_dd_stabilized","FCHVYHACK","P78061","yes"
"330","HT-PELSA_dd_stabilized","FCQELGK","P00547","yes"
"331","HT-PELSA_dd_stabilized","FEAAGFKIVGTK","P0A763","yes"
"332","HT-PELSA_dd_stabilized","FEEHLQHEAQER","P39177","no"
"333","HT-PELSA_dd_stabilized","FMASEIIR","P06616","no"
"334","HT-PELSA_dd_stabilized","FNAPVEVLHSGLNDSER","P17888","yes"
"335","HT-PELSA_dd_stabilized","FTSDAAHELR","P40719","yes"
"336","HT-PELSA_dd_stabilized","GAEYSVNFLPK","P0AC55","yes"
"337","HT-PELSA_dd_stabilized","GDEATFWK","P28903","yes"
"338","HT-PELSA_dd_stabilized","GFDFDGQEALKDSR","P12282","yes"
"339","HT-PELSA_dd_stabilized","GFGFITPEDGSK","P0A972","no"
"340","HT-PELSA_dd_stabilized","GGDCAPTREELLLAHK","P76419","no"
"341","HT-PELSA_dd_stabilized","GGDYKPEEIAGSK","P76658","yes"
"342","HT-PELSA_dd_stabilized","GGSPVPYDR","P0A796","yes"
"343","HT-PELSA_dd_stabilized","GHLTASTVIQYR","P37647","yes"
"344","HT-PELSA_dd_stabilized","GHTELYR","P0A9Z1","yes"
"345","HT-PELSA_dd_stabilized","GICGLPFTR","P75838","no"
"346","HT-PELSA_dd_stabilized","GKDLLALSPEDR","P77499","yes"
"347","HT-PELSA_dd_stabilized","GKGVAEGYK","P07395","yes"
"348","HT-PELSA_dd_stabilized","GLPQHPIDQNLIEALK","P0A8N7","yes"
"349","HT-PELSA_dd_stabilized","GPGLEEGMK","P0A715","no"
"350","HT-PELSA_dd_stabilized","GPSISIATACTSGVHNIGHAAR","P0AAI5","no"
"351","HT-PELSA_dd_stabilized","GQDSEEVIAKR","P60546","yes"
"352","HT-PELSA_dd_stabilized","GRPGQAEPVAQK","P0ACN4","no"
"353","HT-PELSA_dd_stabilized","GSKETPEGLR","P0A6E9","yes"
"354","HT-PELSA_dd_stabilized","GTLHDFLR","P08312","yes"
"355","HT-PELSA_dd_stabilized","GTLIVNKPQSLR","P04425","yes"
"356","HT-PELSA_dd_stabilized","GVALSAGVQR","P23538","yes"
"357","HT-PELSA_dd_stabilized","GVDEIFGR","P05707","no"
"358","HT-PELSA_dd_stabilized","GVYAQLHK","P60752","yes"
"359","HT-PELSA_dd_stabilized","GYEIHISDEALK","P63284","yes"
"360","HT-PELSA_dd_stabilized","HAEYMTTLTR","P13000","yes"
"361","HT-PELSA_dd_stabilized","HDIATGATGR","P0A9C0","no"
"362","HT-PELSA_dd_stabilized","HGTSQLLDTGR","P0AD14","yes"
"363","HT-PELSA_dd_stabilized","HIAQEMPEKIR","P39410","no"
"364","HT-PELSA_dd_stabilized","HILGLDHKISNQR","P68191","no"
"365","HT-PELSA_dd_stabilized","HLNATIINEGDINTRR","P0A9M8","no"
"366","HT-PELSA_dd_stabilized","HLTQVTPAGQEIIR","P0A9F3","no"
"367","HT-PELSA_dd_stabilized","HPYTQALLR","P0AAG0","yes"
"368","HT-PELSA_dd_stabilized","HSFHAGNHADVLK","P37634","no"
"369","HT-PELSA_dd_stabilized","HTTVVSQPR","P0AA73","no"
"370","HT-PELSA_dd_stabilized","HVMVSTGTSDADFEK","P60560","no"
"371","HT-PELSA_dd_stabilized","HVSTHVIFLHQGK","P07109","yes"
"372","HT-PELSA_dd_stabilized","HWDNIEVR","P77718","yes"
"373","HT-PELSA_dd_stabilized","IACFGLAFKPNIDDLR","P27829","no"
"374","HT-PELSA_dd_stabilized","IAEDLGLVTAK","P25745","yes"
"375","HT-PELSA_dd_stabilized","IAEELKTEPGGCIGYK","P43329","yes"
"376","HT-PELSA_dd_stabilized","IAIAACEQCGR","P0AGL7","no"
"377","HT-PELSA_dd_stabilized","IAIAEGQVK","P0AAS7","no"
"378","HT-PELSA_dd_stabilized","IDRDEENKPNR","P25519","yes"
"379","HT-PELSA_dd_stabilized","IGIQPGHIHKPGK","P0AGE9","no"
"380","HT-PELSA_dd_stabilized","IGYPVIIK","P24182","yes"
"381","HT-PELSA_dd_stabilized","IIDDAVAR","P04079","yes"
"382","HT-PELSA_dd_stabilized","IIGIHGGDPLMTK","P76423","yes"
"383","HT-PELSA_dd_stabilized","IIHRDINK","P0A993","no"
"384","HT-PELSA_dd_stabilized","IIISEEQGSNSHSR","P0A7B1","yes"
"385","HT-PELSA_dd_stabilized","IKPLLHQCVR","P76226","no"
"386","HT-PELSA_dd_stabilized","ILDIMGLSR","P0A8A4","yes"
"387","HT-PELSA_dd_stabilized","ILYISPIK","P30015","yes"
"388","HT-PELSA_dd_stabilized","ISVAGAQEK","P23874","yes"
"389","HT-PELSA_dd_stabilized","IVEENTYGIVK","P76055","yes"
"390","HT-PELSA_dd_stabilized","IVTGIEEQR","P25536","no"
"391","HT-PELSA_dd_stabilized","IYLEQGR","P37744","no"
"392","HT-PELSA_dd_stabilized","KHESGVVTDPQTVLPTTTLR","P0ADG7","yes"
"393","HT-PELSA_dd_stabilized","KINGLGYSK","P13458","yes"
"394","HT-PELSA_dd_stabilized","KLDDEWR","P23003","no"
"395","HT-PELSA_dd_stabilized","KLNVQTPPGLHHHR","P0AEK0","no"
"396","HT-PELSA_dd_stabilized","KQEHELIENVFELESR","P0AE45","no"
"397","HT-PELSA_dd_stabilized","KSADPETSYTAK","P06989","yes"
"398","HT-PELSA_dd_stabilized","KSVALSGVPAGNTALCTVGK","P31660","no"
"399","HT-PELSA_dd_stabilized","KTYPGGVQALR","P36879","yes"
"400","HT-PELSA_dd_stabilized","KVAEFFGKEPR","P0A6Y8","yes"
"401","HT-PELSA_dd_stabilized","KVLAGEMR","P07639","no"
"402","HT-PELSA_dd_stabilized","KWTDQSGQDR","P0AGE0","no"
"403","HT-PELSA_dd_stabilized","LAHPQLEALLR","P0AFL6","no"
"404","HT-PELSA_dd_stabilized","LASVNLSRLPYEPKLK","P0ABS8","no"
"405","HT-PELSA_dd_stabilized","LCQTHQHPFSVIQVDLDHFK","P76330","no"
"406","HT-PELSA_dd_stabilized","LDDVNRPK","P23830","no"
"407","HT-PELSA_dd_stabilized","LEGNGQLAR","P0AFX4","no"
"408","HT-PELSA_dd_stabilized","LFEEFNR","P0A9R7","yes"
"409","HT-PELSA_dd_stabilized","LFHIPEAEIPAR","P37624","yes"
"410","HT-PELSA_dd_stabilized","LGMDYVDILQIHR","P77735","no"
"411","HT-PELSA_dd_stabilized","LGPSGLSTEDSR","P75828","yes"
"412","HT-PELSA_dd_stabilized","LIQADCLAWLR","P75864","no"
"413","HT-PELSA_dd_stabilized","LMDKVENGNIILHTNR","P0A9P4","no"
"414","HT-PELSA_dd_stabilized","LMGESSGQTYR","P21499","no"
"415","HT-PELSA_dd_stabilized","LQNQLQR","P13033","no"
"416","HT-PELSA_dd_stabilized","LREGQLDDK","P0A6H5","yes"
"417","HT-PELSA_dd_stabilized","LSDVGVDTMK","P25741","yes"
"418","HT-PELSA_dd_stabilized","LVDSLSGGER","P07821","yes"
"419","HT-PELSA_dd_stabilized","MEADLVPK","P17443","no"
"420","HT-PELSA_dd_stabilized","MHENAAWLDGQR","P08179","no"
"421","HT-PELSA_dd_stabilized","MLQHTPIR","P0AET8","no"
"422","HT-PELSA_dd_stabilized","MYDLGFIKDIR","P0A8J8","yes"
"423","HT-PELSA_dd_stabilized","NEAYVTHR","P76116","no"
"424","HT-PELSA_dd_stabilized","NFGLYNER","P00509","no"
"425","HT-PELSA_dd_stabilized","NIKVDEAGFEAAMEEQR","P00957","yes"
"426","HT-PELSA_dd_stabilized","NLVENAHR","P30844","yes"
"427","HT-PELSA_dd_stabilized","NQSALEVK","P36547","no"
"428","HT-PELSA_dd_stabilized","NVWVTGAGK","P15047","no"
"429","HT-PELSA_dd_stabilized","QDLEMEALTFKPEEWGMKR","P33599","no"
"430","HT-PELSA_dd_stabilized","QEVCDNER","P77213","yes"
"431","HT-PELSA_dd_stabilized","QHLELSR","P00954","yes"
"432","HT-PELSA_dd_stabilized","QILPDWLTIEEHPHLLK","P0AFK0","no"
"433","HT-PELSA_dd_stabilized","QNRPTVTAHAYR","P71298","no"
"434","HT-PELSA_dd_stabilized","QQAAAIMR","P75736","no"
"435","HT-PELSA_dd_stabilized","QRDVEPIR","P0A8X0","no"
"436","HT-PELSA_dd_stabilized","QSQFSHITR","P31060","yes"
"437","HT-PELSA_dd_stabilized","QTGCYIER","P60869","no"
"438","HT-PELSA_dd_stabilized","RGLTDNIK","P30870","yes"
"439","HT-PELSA_dd_stabilized","RPPLEER","P77754","no"
"440","HT-PELSA_dd_stabilized","RPTGMLTNSNMEEMTK","P0AEF0","yes"
"441","HT-PELSA_dd_stabilized","SADFSPLAR","P14900","yes"
"442","HT-PELSA_dd_stabilized","SEVQGVMLYLR","P76594","yes"
"443","HT-PELSA_dd_stabilized","SIQDYPKPGILFR","P69503","no"
"444","HT-PELSA_dd_stabilized","SLGSSVDRK","P27278","yes"
"445","HT-PELSA_dd_stabilized","SPVIAGFLISK","P0AEC8","yes"
"446","HT-PELSA_dd_stabilized","SSGVYSYK","P15977","no"
"447","HT-PELSA_dd_stabilized","SSPKPVNR","P0AC30","no"
"448","HT-PELSA_dd_stabilized","STDISVKTDQK","P0AFH8","no"
"449","HT-PELSA_dd_stabilized","SVDAVIVNGGVPR","P27300","yes"
"450","HT-PELSA_dd_stabilized","SYWESHQHEIQPLTR","P37671","no"
"451","HT-PELSA_dd_stabilized","TDGPNVER","P11664","yes"
"452","HT-PELSA_dd_stabilized","TEDIPLLANHLLR","P0AFU4","yes"
"453","HT-PELSA_dd_stabilized","TEQEMLEQGR","P76422","yes"
"454","HT-PELSA_dd_stabilized","TFTDVQGDTHE","P0AFA2","yes"
"455","HT-PELSA_dd_stabilized","TGDVIHGLPLEEVAGGK","P15640","yes"
"456","HT-PELSA_dd_stabilized","TGQVGWELQR","P37760","no"
"457","HT-PELSA_dd_stabilized","TLSPDYPR","P36566","no"
"458","HT-PELSA_dd_stabilized","TPSEEYAK","P0A6W9","yes"
"459","HT-PELSA_dd_stabilized","TQGNYPATER","P77399","no"
"460","HT-PELSA_dd_stabilized","TVVYTAEIDDR","P23331","yes"
"461","HT-PELSA_dd_stabilized","VFGEVMMLMEHDKR","P15005","yes"
"462","HT-PELSA_dd_stabilized","VIDALQQR","P25742","no"
"463","HT-PELSA_dd_stabilized","VIDAVIVGPK","P75767","no"
"464","HT-PELSA_dd_stabilized","VKNQPGINGVK","P0AF08","yes"
"465","HT-PELSA_dd_stabilized","VLEVQGMK","P21599","yes"
"466","HT-PELSA_dd_stabilized","VMANSAASSLK","P17445","no"
"467","HT-PELSA_dd_stabilized","VNDIMHTGDEIPHVKK","P45395","no"
"468","HT-PELSA_dd_stabilized","VQAGHLINAPMQK","P0A9X1","yes"
"469","HT-PELSA_dd_stabilized","VVALTGSSGK","P11880","yes"
"470","HT-PELSA_dd_stabilized","VVQGHGSHPR","P0AGI8","no"
"471","HT-PELSA_dd_stabilized","VVSTGGELNK","P77721","no"
"472","HT-PELSA_dd_stabilized","VYDNLKR","P36929","no"
"473","HT-PELSA_dd_stabilized","YGSDKPDLR","P21889","yes"
"474","HT-PELSA_dd_stabilized","YNDTPEK","P0A953","no"
"475","HT-PELSA_dd_stabilized","YPHQLSGGMR","P75796","yes"
"476","HT-PELSA_dd_stabilized","YQNTGQVCAAAK","P76149","no"
"477","HT-PELSA_dd_treatSeparately_stabilized","AADALRLPDWDAK","P0A9W3","yes"
"478","HT-PELSA_dd_treatSeparately_stabilized","AAEALKER","P0A717","yes"
"479","HT-PELSA_dd_treatSeparately_stabilized","AAEEMDER","P15038","yes"
"480","HT-PELSA_dd_treatSeparately_stabilized","AAGIAIVTGDTK","P24193","no"
"481","HT-PELSA_dd_treatSeparately_stabilized","AAINAPMQGTAADIIKR","P00582","no"
"482","HT-PELSA_dd_treatSeparately_stabilized","AALIAYCR","Q46927","yes"
"483","HT-PELSA_dd_treatSeparately_stabilized","AALWNETK","P0AAH0","yes"
"484","HT-PELSA_dd_treatSeparately_stabilized","AANILIANNPHVFEK","P09980","yes"
"485","HT-PELSA_dd_treatSeparately_stabilized","AAPWLVKPNRR","P0AEW9","yes"
"486","HT-PELSA_dd_treatSeparately_stabilized","AAQEIVNSGK","P06999","yes"
"487","HT-PELSA_dd_treatSeparately_stabilized","AAQVLHEK","P0A9J6","yes"
"488","HT-PELSA_dd_treatSeparately_stabilized","AAVADCLAATDKR","P27829","no"
"489","HT-PELSA_dd_treatSeparately_stabilized","AAYDLLALR","P0ABF1","yes"
"490","HT-PELSA_dd_treatSeparately_stabilized","ACYQLVK","P11071","yes"
"491","HT-PELSA_dd_treatSeparately_stabilized","ADCLLYANGR","P27306","no"
"492","HT-PELSA_dd_treatSeparately_stabilized","ADHDTFWFDTTR","P08312","yes"
"493","HT-PELSA_dd_treatSeparately_stabilized","ADKRPVNSDLR","P0ACB0","yes"
"494","HT-PELSA_dd_treatSeparately_stabilized","AEAELQKLK","P0A9M0","yes"
"495","HT-PELSA_dd_treatSeparately_stabilized","AEDTLALLR","P36767","no"
"496","HT-PELSA_dd_treatSeparately_stabilized","AEHEQQAIHCVLVDECQFLTR","P23331","yes"
"497","HT-PELSA_dd_treatSeparately_stabilized","AESGGTITR","P07118","yes"
"498","HT-PELSA_dd_treatSeparately_stabilized","AFAENWLGK","P0A836","yes"
"499","HT-PELSA_dd_treatSeparately_stabilized","AFDTRPEVK","P07001","no"
"500","HT-PELSA_dd_treatSeparately_stabilized","AFEYLMTR","P31473","yes"
"501","HT-PELSA_dd_treatSeparately_stabilized","AFLPGSLVDVR","P0AG67","no"
"502","HT-PELSA_dd_treatSeparately_stabilized","AFWSQNR","P13458","yes"
"503","HT-PELSA_dd_treatSeparately_stabilized","AGATADLGVSVRPR","P05852","no"
"504","HT-PELSA_dd_treatSeparately_stabilized","AGEILHLVGPNGAGK","P06611","yes"
"505","HT-PELSA_dd_treatSeparately_stabilized","AGIEHGLLYNQEQR","P60906","yes"
"506","HT-PELSA_dd_treatSeparately_stabilized","AGIPDCDQTR","P32143","yes"
"507","HT-PELSA_dd_treatSeparately_stabilized","AGLGHEHKPVGSFLFAGPTGVGK","P0ABH9","yes"
"508","HT-PELSA_dd_treatSeparately_stabilized","AGMRAPDHK","P0ACY1","no"
"509","HT-PELSA_dd_treatSeparately_stabilized","AGQSFSSGNYQHVK","P30844","yes"
"510","HT-PELSA_dd_treatSeparately_stabilized","AGSLTSPLR","P0A812","yes"
"511","HT-PELSA_dd_treatSeparately_stabilized","AHHMDANLPQDFQILDSEDQLR","P03018","yes"
"512","HT-PELSA_dd_treatSeparately_stabilized","AHNPYGDGQACSR","P27828","no"
"513","HT-PELSA_dd_treatSeparately_stabilized","AHQIENNPR","P0AFI7","no"
"514","HT-PELSA_dd_treatSeparately_stabilized","AIAELVNGDAR","P0AAZ4","yes"
"515","HT-PELSA_dd_treatSeparately_stabilized","AIAESIGIHVEK","P0A8N3","yes"
"516","HT-PELSA_dd_treatSeparately_stabilized","AIAGEAK","P0AAI3","yes"
"517","HT-PELSA_dd_treatSeparately_stabilized","AIEAAEKGDMTELHR","P77649","yes"
"518","HT-PELSA_dd_treatSeparately_stabilized","AIHEASPR","P37013","yes"
"519","HT-PELSA_dd_treatSeparately_stabilized","AIHYNSR","Q06065","yes"
"520","HT-PELSA_dd_treatSeparately_stabilized","AIIDTPPVLVR","P23909","yes"
"521","HT-PELSA_dd_treatSeparately_stabilized","AILYGDKITPSMAK","P0A8F8","yes"
"522","HT-PELSA_dd_treatSeparately_stabilized","AIPNYNVMGLAK","P0AEK4","no"
"523","HT-PELSA_dd_treatSeparately_stabilized","AKAPFIALNMAAIPK","P0AFB8","yes"
"524","HT-PELSA_dd_treatSeparately_stabilized","AKDAAGHELVYTGMSK","P07813","yes"
"525","HT-PELSA_dd_treatSeparately_stabilized","AKDGLALSSR","P31663","yes"
"526","HT-PELSA_dd_treatSeparately_stabilized","AKFEQHAELR","P30176","no"
"527","HT-PELSA_dd_treatSeparately_stabilized","AKGIAIVER","P28903","yes"
"528","HT-PELSA_dd_treatSeparately_stabilized","AKHAAGQVK","P33221","yes"
"529","HT-PELSA_dd_treatSeparately_stabilized","AKLPPVSR","P37634","no"
"530","HT-PELSA_dd_treatSeparately_stabilized","ALAESIGITVEK","P0A8N5","yes"
"531","HT-PELSA_dd_treatSeparately_stabilized","ALAGELPLLKGER","P31060","yes"
"532","HT-PELSA_dd_treatSeparately_stabilized","ALAQQLMQER","P0A6L4","no"
"533","HT-PELSA_dd_treatSeparately_stabilized","ALDGDMNGR","P0A9C9","no"
"534","HT-PELSA_dd_treatSeparately_stabilized","ALDVEQIR","P06710","yes"
"535","HT-PELSA_dd_treatSeparately_stabilized","ALESFQGTGR","P17952","yes"
"536","HT-PELSA_dd_treatSeparately_stabilized","ALGAKPQINAEEEIRR","P18843","yes"
"537","HT-PELSA_dd_treatSeparately_stabilized","ALIDAARNEADEK","P60240","yes"
"538","HT-PELSA_dd_treatSeparately_stabilized","ALILTPTR","P25888","yes"
"539","HT-PELSA_dd_treatSeparately_stabilized","ALLEQLGLGK","P0A9T8","yes"
"540","HT-PELSA_dd_treatSeparately_stabilized","ALLQGLQEEGR","P0AG40","yes"
"541","HT-PELSA_dd_treatSeparately_stabilized","ALMAEGDKAIEGTDR","P27550","yes"
"542","HT-PELSA_dd_treatSeparately_stabilized","ALNHAVSLGMAK","P77756","yes"
"543","HT-PELSA_dd_treatSeparately_stabilized","ALPEFAQDKER","P0AAG0","yes"
"544","HT-PELSA_dd_treatSeparately_stabilized","ALPLPELK","P11454","yes"
"545","HT-PELSA_dd_treatSeparately_stabilized","AMVIAPCSR","P39342","no"
"546","HT-PELSA_dd_treatSeparately_stabilized","ANGYQSLHTSMIGPHGVPVEVQIR","P0AG24","no"
"547","HT-PELSA_dd_treatSeparately_stabilized","ANHRPSELSGGER","P75957","yes"
"548","HT-PELSA_dd_treatSeparately_stabilized","ANSSTTTAAEPLK","P0A9M8","no"
"549","HT-PELSA_dd_treatSeparately_stabilized","APLVEELYR","P06612","no"
"550","HT-PELSA_dd_treatSeparately_stabilized","AQEEDLPADALR","P67087","no"
"551","HT-PELSA_dd_treatSeparately_stabilized","AQIAAWYK","P27296","yes"
"552","HT-PELSA_dd_treatSeparately_stabilized","AQTISFEDFITYKGEQGAKEAGK","P0ABU2","yes"
"553","HT-PELSA_dd_treatSeparately_stabilized","AQYVLAEQVTR","P0AGJ9","yes"
"554","HT-PELSA_dd_treatSeparately_stabilized","ARLEKGEVLENLIPEAFAVVR","P10408","yes"
"555","HT-PELSA_dd_treatSeparately_stabilized","ASDLVSRK","P0AFW8","no"
"556","HT-PELSA_dd_treatSeparately_stabilized","ASDSEQRVVIE","P08178","yes"
"557","HT-PELSA_dd_treatSeparately_stabilized","ASGLEVSENAIR","P08192","yes"
"558","HT-PELSA_dd_treatSeparately_stabilized","ASTPMYLMSR","P22106","yes"
"559","HT-PELSA_dd_treatSeparately_stabilized","ASVGAPPMSVPHIDTR","P33940","no"
"560","HT-PELSA_dd_treatSeparately_stabilized","AVETLILDEADR","P21507","yes"
"561","HT-PELSA_dd_treatSeparately_stabilized","AVIGDKGGVR","P0A6T3","yes"
"562","HT-PELSA_dd_treatSeparately_stabilized","AVLEERADDMK","P0A8M0","yes"
"563","HT-PELSA_dd_treatSeparately_stabilized","AVLPEMIAR","P37440","no"
"564","HT-PELSA_dd_treatSeparately_stabilized","AWHEGHER","P11868","yes"
"565","HT-PELSA_dd_treatSeparately_stabilized","AWSITTNHPYHRE","P0A8I8","no"
"566","HT-PELSA_dd_treatSeparately_stabilized","AWTTLGCK","P07862","yes"
"567","HT-PELSA_dd_treatSeparately_stabilized","AYGQFEPPALYDHVVK","P00452","yes"
"568","HT-PELSA_dd_treatSeparately_stabilized","AYNTVVPASGK","P0AG30","yes"
"569","HT-PELSA_dd_treatSeparately_stabilized","CAYVLSVK","P20083","yes"
"570","HT-PELSA_dd_treatSeparately_stabilized","CFTLIGESGER","P0AEW6","yes"
"571","HT-PELSA_dd_treatSeparately_stabilized","CGSNIDLVSHHEEVLDK","P0AES0","yes"
"572","HT-PELSA_dd_treatSeparately_stabilized","CQQWLEQR","P27833","no"
"573","HT-PELSA_dd_treatSeparately_stabilized","CYAHPEDAQR","P64610","no"
"574","HT-PELSA_dd_treatSeparately_stabilized","DALLEVTR","P45395","no"
"575","HT-PELSA_dd_treatSeparately_stabilized","DDLSAEQR","P0A9V1","yes"
"576","HT-PELSA_dd_treatSeparately_stabilized","DDQEETVR","P69441","yes"
"577","HT-PELSA_dd_treatSeparately_stabilized","DENGNVEVR","P0A7E5","yes"
"578","HT-PELSA_dd_treatSeparately_stabilized","DFNCEDIISR","P0AAI5","no"
"579","HT-PELSA_dd_treatSeparately_stabilized","DFQKAER","P0ADG7","yes"
"580","HT-PELSA_dd_treatSeparately_stabilized","DGADGVISR","P76014","yes"
"581","HT-PELSA_dd_treatSeparately_stabilized","DGKEDHFHYEGGIK","P0AES6","yes"
"582","HT-PELSA_dd_treatSeparately_stabilized","DHRPYVVGFAAETNNVEEYAR","P0ABQ0","no"
"583","HT-PELSA_dd_treatSeparately_stabilized","DIAGEPVVADLAK","P46889","yes"
"584","HT-PELSA_dd_treatSeparately_stabilized","DIKEDFRPHR","P75821","no"
"585","HT-PELSA_dd_treatSeparately_stabilized","DISECFPAQR","P0AED9","no"
"586","HT-PELSA_dd_treatSeparately_stabilized","DKLQQYAR","P31119","yes"
"587","HT-PELSA_dd_treatSeparately_stabilized","DLAAEVNAGR","P14375","yes"
"588","HT-PELSA_dd_treatSeparately_stabilized","DLTPKPSSR","P27859","no"
"589","HT-PELSA_dd_treatSeparately_stabilized","DPFGAASGGR","P0A715","no"
"590","HT-PELSA_dd_treatSeparately_stabilized","DQAMIPEVQR","P24230","yes"
"591","HT-PELSA_dd_treatSeparately_stabilized","DQIGQHVFTAHR","P0AA41","no"
"592","HT-PELSA_dd_treatSeparately_stabilized","DQLFVGDDAIR","P0A9B6","no"
"593","HT-PELSA_dd_treatSeparately_stabilized","DQVEDYAR","P13009","no"
"594","HT-PELSA_dd_treatSeparately_stabilized","DRILELAK","P37903","yes"
"595","HT-PELSA_dd_treatSeparately_stabilized","DRSEVDLK","P62768","no"
"596","HT-PELSA_dd_treatSeparately_stabilized","DSHGGKPATGTGIGLAVSR","P0AEC3","yes"
"597","HT-PELSA_dd_treatSeparately_stabilized","DSIRDEAIK","P31552","no"
"598","HT-PELSA_dd_treatSeparately_stabilized","DSLCLLQK","P04993","yes"
"599","HT-PELSA_dd_treatSeparately_stabilized","DSLQHAPHIIVATPGR","P21693","yes"
"600","HT-PELSA_dd_treatSeparately_stabilized","DTADALNKLNLR","P43329","yes"
"601","HT-PELSA_dd_treatSeparately_stabilized","DTEELHPR","P00956","yes"
"602","HT-PELSA_dd_treatSeparately_stabilized","DVLAPGGSFVVK","P0C0R7","no"
"603","HT-PELSA_dd_treatSeparately_stabilized","DVLGMAQTGSGK","P0A9P6","yes"
"604","HT-PELSA_dd_treatSeparately_stabilized","DYAYTIGR","P0AFK0","no"
"605","HT-PELSA_dd_treatSeparately_stabilized","EALGVLHFK","P23830","no"
"606","HT-PELSA_dd_treatSeparately_stabilized","EAMEPEFK","P0A825","no"
"607","HT-PELSA_dd_treatSeparately_stabilized","EEVGALVKLPGIGKK","P0A809","yes"
"608","HT-PELSA_dd_treatSeparately_stabilized","EFDFEVR","P0A8L1","yes"
"609","HT-PELSA_dd_treatSeparately_stabilized","EGANVSIIENGK","P0ADT5","yes"
"610","HT-PELSA_dd_treatSeparately_stabilized","EGGTGLGLSIAR","P0AFB5","yes"
"611","HT-PELSA_dd_treatSeparately_stabilized","EGVLYEMEGR","P0AFL6","no"
"612","HT-PELSA_dd_treatSeparately_stabilized","EGVMIGAGAK","P0A9D4","no"
"613","HT-PELSA_dd_treatSeparately_stabilized","EHGAVILTAHEVTGLIR","P0A9C0","no"
"614","HT-PELSA_dd_treatSeparately_stabilized","EHIFEPFVR","P18392","yes"
"615","HT-PELSA_dd_treatSeparately_stabilized","EHLLQLPER","P14081","no"
"616","HT-PELSA_dd_treatSeparately_stabilized","EHVEQILAAQATR","P0A6I9","yes"
"617","HT-PELSA_dd_treatSeparately_stabilized","EIDYTRPTCILMGQEK","P0AGJ2","no"
"618","HT-PELSA_dd_treatSeparately_stabilized","EILNLPEHELNK","P76027","yes"
"619","HT-PELSA_dd_treatSeparately_stabilized","EINWLNLK","P0A6I3","yes"
"620","HT-PELSA_dd_treatSeparately_stabilized","EISRFPANRR","P07395","yes"
"621","HT-PELSA_dd_treatSeparately_stabilized","EITEQYEGK","P23837","yes"
"622","HT-PELSA_dd_treatSeparately_stabilized","ELDNAQFFTR","P30870","yes"
"623","HT-PELSA_dd_treatSeparately_stabilized","ELSSHPQNLSDGQIR","P75828","yes"
"624","HT-PELSA_dd_treatSeparately_stabilized","ELVAQNHAK","P33919","yes"
"625","HT-PELSA_dd_treatSeparately_stabilized","EPENSSIYSK","P0ACY3","no"
"626","HT-PELSA_dd_treatSeparately_stabilized","EPFNEEK","P0A8D0","yes"
"627","HT-PELSA_dd_treatSeparately_stabilized","EQCDLLVCGHHHSFINR","P0AAB8","no"
"628","HT-PELSA_dd_treatSeparately_stabilized","ESDTAACR","P0A9H5","yes"
"629","HT-PELSA_dd_treatSeparately_stabilized","ESVAELAYYR","P0A784","no"
"630","HT-PELSA_dd_treatSeparately_stabilized","ESYAHLPMPR","P0AGG8","no"
"631","HT-PELSA_dd_treatSeparately_stabilized","ETLLNYR","P37344","yes"
"632","HT-PELSA_dd_treatSeparately_stabilized","EVADFLINK","P39359","no"
"633","HT-PELSA_dd_treatSeparately_stabilized","EVLGKFDK","P21345","no"
"634","HT-PELSA_dd_treatSeparately_stabilized","EVMNHITANYLPLVVR","P0DMC5","yes"
"635","HT-PELSA_dd_treatSeparately_stabilized","FAAEIVDISR","P30850","no"
"636","HT-PELSA_dd_treatSeparately_stabilized","FAALEAAGVK","P0AGE9","no"
"637","HT-PELSA_dd_treatSeparately_stabilized","FADEQGVPRPK","P07604","yes"
"638","HT-PELSA_dd_treatSeparately_stabilized","FADKLPSEPR","P00547","yes"
"639","HT-PELSA_dd_treatSeparately_stabilized","FAENAYFIK","P0A853","no"
"640","HT-PELSA_dd_treatSeparately_stabilized","FEEHLQHEAQER","P39177","no"
"641","HT-PELSA_dd_treatSeparately_stabilized","FGELDYAHMK","P63284","yes"
"642","HT-PELSA_dd_treatSeparately_stabilized","FGGNPENR","P0ABS5","no"
"643","HT-PELSA_dd_treatSeparately_stabilized","FIAQQLGVSR","P0AA43","no"
"644","HT-PELSA_dd_treatSeparately_stabilized","FLSALAGENDPEAKR","P04079","yes"
"645","HT-PELSA_dd_treatSeparately_stabilized","FMASEIIR","P06616","no"
"646","HT-PELSA_dd_treatSeparately_stabilized","FNAEVDEPRPGLR","P31142","no"
"647","HT-PELSA_dd_treatSeparately_stabilized","FNAPVEVLHSGLNDSER","P17888","yes"
"648","HT-PELSA_dd_treatSeparately_stabilized","FRDEVRPR","P16659","yes"
"649","HT-PELSA_dd_treatSeparately_stabilized","FRNDEAFLQQVMK","P00954","yes"
"650","HT-PELSA_dd_treatSeparately_stabilized","FTEVGYVGK","P0A6H5","yes"
"651","HT-PELSA_dd_treatSeparately_stabilized","GAEYSVNFLPK","P0AC55","yes"
"652","HT-PELSA_dd_treatSeparately_stabilized","GAFTGASANGK","Q46802","yes"
"653","HT-PELSA_dd_treatSeparately_stabilized","GANLSPLHR","P62615","yes"
"654","HT-PELSA_dd_treatSeparately_stabilized","GAPETFDVAK","P11664","yes"
"655","HT-PELSA_dd_treatSeparately_stabilized","GCETKPITGLAGK","P25742","no"
"656","HT-PELSA_dd_treatSeparately_stabilized","GDISEFAPR","P05055","no"
"657","HT-PELSA_dd_treatSeparately_stabilized","GDSRPVNPLEQR","P76658","yes"
"658","HT-PELSA_dd_treatSeparately_stabilized","GFAVTPPELTKDDERYPGHDPR","P62707","yes"
"659","HT-PELSA_dd_treatSeparately_stabilized","GFDFDGQEALKDSR","P12282","yes"
"660","HT-PELSA_dd_treatSeparately_stabilized","GFGFITPDDGSK","P0A9X9","no"
"661","HT-PELSA_dd_treatSeparately_stabilized","GFLQALGHQGNVK","P0AF67","yes"
"662","HT-PELSA_dd_treatSeparately_stabilized","GGDCAPTREELLLAHK","P76419","no"
"663","HT-PELSA_dd_treatSeparately_stabilized","GGHLDDEQSPDWLFTR","P76422","yes"
"664","HT-PELSA_dd_treatSeparately_stabilized","GGISHCTAGGKFVCNDGSISASK","P0ACW4","no"
"665","HT-PELSA_dd_treatSeparately_stabilized","GGWHGLGNTR","P42641","no"
"666","HT-PELSA_dd_treatSeparately_stabilized","GHLTASTVIQYR","P37647","yes"
"667","HT-PELSA_dd_treatSeparately_stabilized","GHTELYR","P0A9Z1","yes"
"668","HT-PELSA_dd_treatSeparately_stabilized","GKDAFAEVK","P25741","yes"
"669","HT-PELSA_dd_treatSeparately_stabilized","GKDLLALSPEDR","P77499","yes"
"670","HT-PELSA_dd_treatSeparately_stabilized","GLALLDEELAK","P00957","yes"
"671","HT-PELSA_dd_treatSeparately_stabilized","GLPQHPIDQNLIEALK","P0A8N7","yes"
"672","HT-PELSA_dd_treatSeparately_stabilized","GPGSFTGVR","P76256","no"
"673","HT-PELSA_dd_treatSeparately_stabilized","GQAHWEGDIK","P0C0L2","no"
"674","HT-PELSA_dd_treatSeparately_stabilized","GQDSEEVIAK","P60546","yes"
"675","HT-PELSA_dd_treatSeparately_stabilized","GRPGQAEPVAQK","P0ACN4","no"
"676","HT-PELSA_dd_treatSeparately_stabilized","GRVMMFANGLK","P39196","no"
"677","HT-PELSA_dd_treatSeparately_stabilized","GTDKTVAPAGGEAFEAR","P21888","yes"
"678","HT-PELSA_dd_treatSeparately_stabilized","GTLIVNKPQSLR","P04425","yes"
"679","HT-PELSA_dd_treatSeparately_stabilized","GTPTVISRPESEFTAIYR","P0AF08","yes"
"680","HT-PELSA_dd_treatSeparately_stabilized","GTVAVTSDAR","P77485","yes"
"681","HT-PELSA_dd_treatSeparately_stabilized","GVALSAGVQR","P23538","yes"
"682","HT-PELSA_dd_treatSeparately_stabilized","GVDEIFGR","P05707","no"
"683","HT-PELSA_dd_treatSeparately_stabilized","GVYAQLHK","P60752","yes"
"684","HT-PELSA_dd_treatSeparately_stabilized","HAEYMTTLTR","P13000","yes"
"685","HT-PELSA_dd_treatSeparately_stabilized","HFCHELLSFKPAAIR","P76423","yes"
"686","HT-PELSA_dd_treatSeparately_stabilized","HGTSQLLDTGR","P0AD14","yes"
"687","HT-PELSA_dd_treatSeparately_stabilized","HIAAPNETVSTMGFEAATR","P0A6R0","no"
"688","HT-PELSA_dd_treatSeparately_stabilized","HIAQEMPEK","P39410","no"
"689","HT-PELSA_dd_treatSeparately_stabilized","HKEHLGTGDVK","P0AFG3","no"
"690","HT-PELSA_dd_treatSeparately_stabilized","HKLGLMR","P0A8F0","no"
"691","HT-PELSA_dd_treatSeparately_stabilized","HRDLLGATNPANALAGTLR","P0A763","yes"
"692","HT-PELSA_dd_treatSeparately_stabilized","HSCAHLLGHAIK","P0A8M3","yes"
"693","HT-PELSA_dd_treatSeparately_stabilized","HTIMVANLAPR","P00959","yes"
"694","HT-PELSA_dd_treatSeparately_stabilized","HVGPDVCLHLVGA","P25539","no"
"695","HT-PELSA_dd_treatSeparately_stabilized","HVMLVVDHSK","P0ACL0","no"
"696","HT-PELSA_dd_treatSeparately_stabilized","HVSTHVIFLHQGK","P07109","yes"
"697","HT-PELSA_dd_treatSeparately_stabilized","HWDNIEVR","P77718","yes"
"698","HT-PELSA_dd_treatSeparately_stabilized","IAEDLGLVTAK","P25745","yes"
"699","HT-PELSA_dd_treatSeparately_stabilized","IEDTDLER","P04805","yes"
"700","HT-PELSA_dd_treatSeparately_stabilized","IGYPVIIK","P24182","yes"
"701","HT-PELSA_dd_treatSeparately_stabilized","IHLTPAER","P0AFJ7","no"
"702","HT-PELSA_dd_treatSeparately_stabilized","IIISEEQGSNSHSR","P0A7B1","yes"
"703","HT-PELSA_dd_treatSeparately_stabilized","IPEAQTILSR","P75796","yes"
"704","HT-PELSA_dd_treatSeparately_stabilized","ISNVELSKR","P0ACJ0","no"
"705","HT-PELSA_dd_treatSeparately_stabilized","ISVAGAQEK","P23874","yes"
"706","HT-PELSA_dd_treatSeparately_stabilized","IVEENTYGIVK","P76055","yes"
"707","HT-PELSA_dd_treatSeparately_stabilized","IVTGIEEQR","P25536","no"
"708","HT-PELSA_dd_treatSeparately_stabilized","KAIEQDAK","P0AEE5","yes"
"709","HT-PELSA_dd_treatSeparately_stabilized","KIIIGKDTR","P31120","no"
"710","HT-PELSA_dd_treatSeparately_stabilized","KITVSIPLK","P0A8U6","no"
"711","HT-PELSA_dd_treatSeparately_stabilized","KLDDEWRQEAEALR","P23003","no"
"712","HT-PELSA_dd_treatSeparately_stabilized","KLNVQTPPGLHHHR","P0AEK0","no"
"713","HT-PELSA_dd_treatSeparately_stabilized","KLTPGCLFVALKGER","P11880","yes"
"714","HT-PELSA_dd_treatSeparately_stabilized","KQEHELIENVFELESR","P0AE45","no"
"715","HT-PELSA_dd_treatSeparately_stabilized","KQIDEYGNFVK","P21889","yes"
"716","HT-PELSA_dd_treatSeparately_stabilized","KRLEEGLVELR","P0ABN5","no"
"717","HT-PELSA_dd_treatSeparately_stabilized","KTYPGGVQALR","P36879","yes"
"718","HT-PELSA_dd_treatSeparately_stabilized","LAAGSFEAR","P0A9T0","no"
"719","HT-PELSA_dd_treatSeparately_stabilized","LADDVAVMSDGK","P33593","yes"
"720","HT-PELSA_dd_treatSeparately_stabilized","LAGEQATER","P00363","no"
"721","HT-PELSA_dd_treatSeparately_stabilized","LDLFANEK","P0A993","no"
"722","HT-PELSA_dd_treatSeparately_stabilized","LDPTPIAHR","P0A8A4","yes"
"723","HT-PELSA_dd_treatSeparately_stabilized","LEGNGQLAR","P0AFX4","no"
"724","HT-PELSA_dd_treatSeparately_stabilized","LEKPYKR","P0AGI8","no"
"725","HT-PELSA_dd_treatSeparately_stabilized","LFEEFNR","P0A9R7","yes"
"726","HT-PELSA_dd_treatSeparately_stabilized","LGVANMHVTLADER","P24224","no"
"727","HT-PELSA_dd_treatSeparately_stabilized","LKDLTNKR","P0A6V1","yes"
"728","HT-PELSA_dd_treatSeparately_stabilized","LKELTKR","P60560","no"
"729","HT-PELSA_dd_treatSeparately_stabilized","LMDKVENGNIILHTNR","P0A9P4","no"
"730","HT-PELSA_dd_treatSeparately_stabilized","LMLGQLQADSGR","P43672","yes"
"731","HT-PELSA_dd_treatSeparately_stabilized","LMTASWPGNVR","P0AFU4","yes"
"732","HT-PELSA_dd_treatSeparately_stabilized","LPGELSGGQR","P31548","yes"
"733","HT-PELSA_dd_treatSeparately_stabilized","LSDSPGKTICHDKAFVR","P18133","no"
"734","HT-PELSA_dd_treatSeparately_stabilized","LSEQYHR","P29680","no"
"735","HT-PELSA_dd_treatSeparately_stabilized","LSTVTTSGVNLSR","Q47129","no"
"736","HT-PELSA_dd_treatSeparately_stabilized","LSVAMMGR","P37744","no"
"737","HT-PELSA_dd_treatSeparately_stabilized","LVDSLSGGER","P07821","yes"
"738","HT-PELSA_dd_treatSeparately_stabilized","LVPSHQAIHLLQIAR","P0AFA2","yes"
"739","HT-PELSA_dd_treatSeparately_stabilized","LWCVFGCGGDRDK","P22188","yes"
"740","HT-PELSA_dd_treatSeparately_stabilized","MPMVQKK","P0A6Y8","yes"
"741","HT-PELSA_dd_treatSeparately_stabilized","MTVDDIMVPR","P37908","no"
"742","HT-PELSA_dd_treatSeparately_stabilized","NAPSYTAQTLK","P0A752","yes"
"743","HT-PELSA_dd_treatSeparately_stabilized","NLALLEELGEK","P76594","yes"
"744","HT-PELSA_dd_treatSeparately_stabilized","NMQTLYNTGR","P0A991","no"
"745","HT-PELSA_dd_treatSeparately_stabilized","NTVSQMVYK","P0A6X3","yes"
"746","HT-PELSA_dd_treatSeparately_stabilized","QATAFHGIPAVDLGK","P76503","no"
"747","HT-PELSA_dd_treatSeparately_stabilized","QCAQLHAAGHR","P0A7B5","yes"
"748","HT-PELSA_dd_treatSeparately_stabilized","QCYALPERLDLVK","P21499","no"
"749","HT-PELSA_dd_treatSeparately_stabilized","QEPYITLGR","P36566","no"
"750","HT-PELSA_dd_treatSeparately_stabilized","QEVCDNER","P77213","yes"
"751","HT-PELSA_dd_treatSeparately_stabilized","QGDDLHIETQNVAPPDSR","P33030","no"
"752","HT-PELSA_dd_treatSeparately_stabilized","QIDQPLHLGITEAGGAR","P62620","no"
"753","HT-PELSA_dd_treatSeparately_stabilized","QLEAQLHDANER","P63389","yes"
"754","HT-PELSA_dd_treatSeparately_stabilized","QLSYLGSGCIR","P0A814","no"
"755","HT-PELSA_dd_treatSeparately_stabilized","QLTYTAHGPHK","P0A7H0","yes"
"756","HT-PELSA_dd_treatSeparately_stabilized","QLVDFADK","P39383","no"
"757","HT-PELSA_dd_treatSeparately_stabilized","QNHAPALPK","P27305","yes"
"758","HT-PELSA_dd_treatSeparately_stabilized","QQAAAIMR","P75736","no"
"759","HT-PELSA_dd_treatSeparately_stabilized","QSAQELASHAR","P0A756","no"
"760","HT-PELSA_dd_treatSeparately_stabilized","QSSLMVESLVQK","P0AF12","no"
"761","HT-PELSA_dd_treatSeparately_stabilized","RAGEITAMAHTR","P15034","no"
"762","HT-PELSA_dd_treatSeparately_stabilized","RDDSILLAQHTR","P32664","no"
"763","HT-PELSA_dd_treatSeparately_stabilized","RFTSDAAHELR","P40719","yes"
"764","HT-PELSA_dd_treatSeparately_stabilized","RPTGMLTNSNMEEMTK","P0AEF0","yes"
"765","HT-PELSA_dd_treatSeparately_stabilized","SADFSPLAR","P14900","yes"
"766","HT-PELSA_dd_treatSeparately_stabilized","SANPSPGNKK","P39829","no"
"767","HT-PELSA_dd_treatSeparately_stabilized","SQVTFQYDDGK","P0A817","yes"
"768","HT-PELSA_dd_treatSeparately_stabilized","SSAIFINAGR","P37666","no"
"769","HT-PELSA_dd_treatSeparately_stabilized","SSPKPVNR","P0AC30","no"
"770","HT-PELSA_dd_treatSeparately_stabilized","SVDAVIVNGGVPR","P27300","yes"
"771","HT-PELSA_dd_treatSeparately_stabilized","SVITPEIEQK","P0AET8","no"
"772","HT-PELSA_dd_treatSeparately_stabilized","TELTPTQR","P0AEC5","yes"
"773","HT-PELSA_dd_treatSeparately_stabilized","TGCVEAIASGR","P45425","yes"
"774","HT-PELSA_dd_treatSeparately_stabilized","TGDTPAQER","P30015","yes"
"775","HT-PELSA_dd_treatSeparately_stabilized","TGMTFDAQPGR","P31808","no"
"776","HT-PELSA_dd_treatSeparately_stabilized","TGQVGWELQR","P37760","no"
"777","HT-PELSA_dd_treatSeparately_stabilized","TLAEGQRVEFEITNGAK","P0A972","no"
"778","HT-PELSA_dd_treatSeparately_stabilized","TLVSSAMIDR","P36938","no"
"779","HT-PELSA_dd_treatSeparately_stabilized","TPSEEYAK","P0A6W9","yes"
"780","HT-PELSA_dd_treatSeparately_stabilized","TSEWDER","P15640","yes"
"781","HT-PELSA_dd_treatSeparately_stabilized","TTGWIHR","P42593","no"
"782","HT-PELSA_dd_treatSeparately_stabilized","TTVGMALADSLNRR","P0A6E1","yes"
"783","HT-PELSA_dd_treatSeparately_stabilized","TVAILGGESSGK","P27278","yes"
"784","HT-PELSA_dd_treatSeparately_stabilized","TVQGNVMLHQR","P13857","no"
"785","HT-PELSA_dd_treatSeparately_stabilized","VAIKGPLTTPVGGGIR","P08200","no"
"786","HT-PELSA_dd_treatSeparately_stabilized","VDSSMNKVGNFMDDSAITAK","P0AFH8","no"
"787","HT-PELSA_dd_treatSeparately_stabilized","VEFSIEQGQR","P0A978","no"
"788","HT-PELSA_dd_treatSeparately_stabilized","VLASGTPQELVEKR","P37624","yes"
"789","HT-PELSA_dd_treatSeparately_stabilized","VLEVQGMK","P21599","yes"
"790","HT-PELSA_dd_treatSeparately_stabilized","VLPAEEYAEIR","P76192","no"
"791","HT-PELSA_dd_treatSeparately_stabilized","VLVVGGSQGAR","P17443","no"
"792","HT-PELSA_dd_treatSeparately_stabilized","VTDSLAVAR","P03007","no"
"793","HT-PELSA_dd_treatSeparately_stabilized","VTQVAFDKTGTLTVGKPR","P37617","yes"
"794","HT-PELSA_dd_treatSeparately_stabilized","VVLATGNVGK","P52061","no"
"795","HT-PELSA_dd_treatSeparately_stabilized","VVYMHSER","P03004","yes"
"796","HT-PELSA_dd_treatSeparately_stabilized","VYDNLKR","P36929","no"
"797","HT-PELSA_dd_treatSeparately_stabilized","WLNAHEEGYHK","P77610","no"
"798","HT-PELSA_dd_treatSeparately_stabilized","YGAHGTSHFYVTQEAAK","P0A6A3","yes"
"799","HT-PELSA_dd_treatSeparately_stabilized","YGCLPKR","P15977","no"
"800","HT-PELSA_dd_treatSeparately_stabilized","YGFDADKHAAYIQK","P09424","no"
"801","HT-PELSA_dd_treatSeparately_stabilized","YGIEKPYEK","P0AB89","no"
"802","HT-PELSA_dd_treatSeparately_stabilized","YGLIGANGSGK","P0A9U3","yes"
"803","HT-PELSA_dd_treatSeparately_stabilized","YLHPTEYK","P0AG20","yes"
"804","HT-PELSA_dd_treatSeparately_stabilized","YLNGIPQDSR","Q46851","no"
"805","HT-PELSA_dd_treatSeparately_stabilized","YNLAAMIAR","P0AAB6","no"
